,circle_id,kmradius,overlap,center_lat,center_lon,circle_weight
1915,1915,1,50,52.39405827510934,13.19813,16
1916,1916,1,50,52.39405827510934,13.210667988193114,14
1917,1917,1,50,52.39405827510934,13.223205976386229,12
1918,1918,1,50,52.39405827510934,13.23574396457934,24
1919,1919,1,50,52.39405827510934,13.248281952772452,20
1920,1920,1,50,52.39405827510934,13.260819940965566,26
1921,1921,1,50,52.39405827510934,13.27335792915868,10
1922,1922,1,50,52.39405827510934,13.285895917351793,4
1923,1923,1,50,52.39405827510934,13.298433905544906,4
1924,1924,1,50,52.39405827510934,13.31097189373802,0
1925,1925,1,50,52.39405827510934,13.323509881931132,0
1926,1926,1,50,52.39405827510934,13.336047870124244,0
1927,1927,1,50,52.39405827510934,13.348585858317358,0
1928,1928,1,50,52.39405827510934,13.361123846510472,0
1929,1929,1,50,52.39405827510934,13.373661834703585,2
1930,1930,1,50,52.39405827510934,13.386199822896698,8
1931,1931,1,50,52.39405827510934,13.398737811089813,38
1932,1932,1,50,52.39405827510934,13.411275799282924,26
1933,1933,1,50,52.39405827510934,13.423813787476035,8
1934,1934,1,50,52.39405827510934,13.43635177566915,16
1935,1935,1,50,52.39405827510934,13.448889763862264,16
1936,1936,1,50,52.39405827510934,13.461427752055377,4
1937,1937,1,50,52.39405827510934,13.47396574024849,0
1938,1938,1,50,52.39405827510934,13.486503728441605,2
1939,1939,1,50,52.39405827510934,13.499041716634716,2
1940,1940,1,50,52.39405827510934,13.51157970482783,30
1941,1941,1,50,52.39405827510934,13.524117693020942,31
1942,1942,1,50,52.39405827510934,13.536655681214055,14
1943,1943,1,50,52.39405827510934,13.549193669407169,8
1944,1944,1,50,52.39405827510934,13.561731657600282,5
1945,1945,1,50,52.39405827510934,13.574269645793397,5
1946,1946,1,50,52.39405827510934,13.586807633986508,4
1947,1947,1,50,52.403101992438906,13.19813,4
1948,1948,1,50,52.403101992438906,13.210667988193114,9
1949,1949,1,50,52.403101992438906,13.223205976386229,25
1950,1950,1,50,52.403101992438906,13.23574396457934,32
1951,1951,1,50,52.403101992438906,13.248281952772452,37
1952,1952,1,50,52.403101992438906,13.260819940965566,31
1953,1953,1,50,52.403101992438906,13.27335792915868,23
1954,1954,1,50,52.403101992438906,13.285895917351793,3
1955,1955,1,50,52.403101992438906,13.298433905544906,3
1956,1956,1,50,52.403101992438906,13.31097189373802,0
1957,1957,1,50,52.403101992438906,13.323509881931132,0
1958,1958,1,50,52.403101992438906,13.336047870124244,2
1959,1959,1,50,52.403101992438906,13.348585858317358,5
1960,1960,1,50,52.403101992438906,13.361123846510472,6
1961,1961,1,50,52.403101992438906,13.373661834703585,8
1962,1962,1,50,52.403101992438906,13.386199822896698,8
1963,1963,1,50,52.403101992438906,13.398737811089813,27
1964,1964,1,50,52.403101992438906,13.411275799282924,22
1965,1965,1,50,52.403101992438906,13.423813787476035,3
1966,1966,1,50,52.403101992438906,13.43635177566915,18
1967,1967,1,50,52.403101992438906,13.448889763862264,22
1968,1968,1,50,52.403101992438906,13.461427752055377,4
1969,1969,1,50,52.403101992438906,13.47396574024849,2
1970,1970,1,50,52.403101992438906,13.486503728441605,0
1971,1971,1,50,52.403101992438906,13.499041716634716,18
1972,1972,1,50,52.403101992438906,13.51157970482783,20
1973,1973,1,50,52.403101992438906,13.524117693020942,12
1974,1974,1,50,52.403101992438906,13.536655681214055,20
1975,1975,1,50,52.403101992438906,13.549193669407169,14
1976,1976,1,50,52.403101992438906,13.561731657600282,3
1977,1977,1,50,52.403101992438906,13.574269645793397,10
1978,1978,1,50,52.403101992438906,13.586807633986508,6
1979,1979,1,50,52.41214570976848,13.19813,4
1980,1980,1,50,52.41214570976848,13.210667988193114,6
1981,1981,1,50,52.41214570976848,13.223205976386229,16
1982,1982,1,50,52.41214570976848,13.23574396457934,21
1983,1983,1,50,52.41214570976848,13.248281952772452,6
1984,1984,1,50,52.41214570976848,13.260819940965566,20
1985,1985,1,50,52.41214570976848,13.27335792915868,14
1986,1986,1,50,52.41214570976848,13.285895917351793,5
1987,1987,1,50,52.41214570976848,13.298433905544906,19
1988,1988,1,50,52.41214570976848,13.31097189373802,22
1989,1989,1,50,52.41214570976848,13.323509881931132,12
1990,1990,1,50,52.41214570976848,13.336047870124244,21
1991,1991,1,50,52.41214570976848,13.348585858317358,31
1992,1992,1,50,52.41214570976848,13.361123846510472,26
1993,1993,1,50,52.41214570976848,13.373661834703585,23
1994,1994,1,50,52.41214570976848,13.386199822896698,13
1995,1995,1,50,52.41214570976848,13.398737811089813,61
1996,1996,1,50,52.41214570976848,13.411275799282924,55
1997,1997,1,50,52.41214570976848,13.423813787476035,10
1998,1998,1,50,52.41214570976848,13.43635177566915,7
1999,1999,1,50,52.41214570976848,13.448889763862264,6
2000,2000,1,50,52.41214570976848,13.461427752055377,1
2001,2001,1,50,52.41214570976848,13.47396574024849,1
2002,2002,1,50,52.41214570976848,13.486503728441605,40
2003,2003,1,50,52.41214570976848,13.499041716634716,48
2004,2004,1,50,52.41214570976848,13.51157970482783,13
2005,2005,1,50,52.41214570976848,13.524117693020942,10
2006,2006,1,50,52.41214570976848,13.536655681214055,22
2007,2007,1,50,52.41214570976848,13.549193669407169,10
2008,2008,1,50,52.41214570976848,13.561731657600282,12
2009,2009,1,50,52.41214570976848,13.574269645793397,22
2010,2010,1,50,52.41214570976848,13.586807633986508,28
2011,2011,1,50,52.42118942709804,13.19813,6
2012,2012,1,50,52.42118942709804,13.210667988193114,14
2013,2013,1,50,52.42118942709804,13.223205976386229,12
2014,2014,1,50,52.42118942709804,13.23574396457934,7
2015,2015,1,50,52.42118942709804,13.248281952772452,8
2016,2016,1,50,52.42118942709804,13.260819940965566,37
2017,2017,1,50,52.42118942709804,13.27335792915868,13
2018,2018,1,50,52.42118942709804,13.285895917351793,16
2019,2019,1,50,52.42118942709804,13.298433905544906,40
2020,2020,1,50,52.42118942709804,13.31097189373802,45
2021,2021,1,50,52.42118942709804,13.323509881931132,76
2022,2022,1,50,52.42118942709804,13.336047870124244,64
2023,2023,1,50,52.42118942709804,13.348585858317358,22
2024,2024,1,50,52.42118942709804,13.361123846510472,21
2025,2025,1,50,52.42118942709804,13.373661834703585,16
2026,2026,1,50,52.42118942709804,13.386199822896698,34
2027,2027,1,50,52.42118942709804,13.398737811089813,66
2028,2028,1,50,52.42118942709804,13.411275799282924,36
2029,2029,1,50,52.42118942709804,13.423813787476035,41
2030,2030,1,50,52.42118942709804,13.43635177566915,52
2031,2031,1,50,52.42118942709804,13.448889763862264,38
2032,2032,1,50,52.42118942709804,13.461427752055377,41
2033,2033,1,50,52.42118942709804,13.47396574024849,53
2034,2034,1,50,52.42118942709804,13.486503728441605,98
2035,2035,1,50,52.42118942709804,13.499041716634716,74
2036,2036,1,50,52.42118942709804,13.51157970482783,11
2037,2037,1,50,52.42118942709804,13.524117693020942,16
2038,2038,1,50,52.42118942709804,13.536655681214055,30
2039,2039,1,50,52.42118942709804,13.549193669407169,22
2040,2040,1,50,52.42118942709804,13.561731657600282,5
2041,2041,1,50,52.42118942709804,13.574269645793397,27
2042,2042,1,50,52.42118942709804,13.586807633986508,28
2043,2043,1,50,52.43023314442761,13.19813,34
2044,2044,1,50,52.43023314442761,13.210667988193114,26
2045,2045,1,50,52.43023314442761,13.223205976386229,27
2046,2046,1,50,52.43023314442761,13.23574396457934,21
2047,2047,1,50,52.43023314442761,13.248281952772452,88
2048,2048,1,50,52.43023314442761,13.260819940965566,101
2049,2049,1,50,52.43023314442761,13.27335792915868,56
2050,2050,1,50,52.43023314442761,13.285895917351793,10
2051,2051,1,50,52.43023314442761,13.298433905544906,34
2052,2052,1,50,52.43023314442761,13.31097189373802,47
2053,2053,1,50,52.43023314442761,13.323509881931132,96
2054,2054,1,50,52.43023314442761,13.336047870124244,106
2055,2055,1,50,52.43023314442761,13.348585858317358,46
2056,2056,1,50,52.43023314442761,13.361123846510472,19
2057,2057,1,50,52.43023314442761,13.373661834703585,25
2058,2058,1,50,52.43023314442761,13.386199822896698,50
2059,2059,1,50,52.43023314442761,13.398737811089813,32
2060,2060,1,50,52.43023314442761,13.411275799282924,6
2061,2061,1,50,52.43023314442761,13.423813787476035,23
2062,2062,1,50,52.43023314442761,13.43635177566915,48
2063,2063,1,50,52.43023314442761,13.448889763862264,78
2064,2064,1,50,52.43023314442761,13.461427752055377,71
2065,2065,1,50,52.43023314442761,13.47396574024849,47
2066,2066,1,50,52.43023314442761,13.486503728441605,48
2067,2067,1,50,52.43023314442761,13.499041716634716,12
2068,2068,1,50,52.43023314442761,13.51157970482783,6
2069,2069,1,50,52.43023314442761,13.524117693020942,23
2070,2070,1,50,52.43023314442761,13.536655681214055,67
2071,2071,1,50,52.43023314442761,13.549193669407169,65
2072,2072,1,50,52.43023314442761,13.561731657600282,7
2073,2073,1,50,52.43023314442761,13.574269645793397,9
2074,2074,1,50,52.43023314442761,13.586807633986508,11
2075,2075,1,50,52.43927686175718,13.19813,17
2076,2076,1,50,52.43927686175718,13.210667988193114,16
2077,2077,1,50,52.43927686175718,13.223205976386229,17
2078,2078,1,50,52.43927686175718,13.23574396457934,31
2079,2079,1,50,52.43927686175718,13.248281952772452,62
2080,2080,1,50,52.43927686175718,13.260819940965566,85
2081,2081,1,50,52.43927686175718,13.27335792915868,24
2082,2082,1,50,52.43927686175718,13.285895917351793,47
2083,2083,1,50,52.43927686175718,13.298433905544906,61
2084,2084,1,50,52.43927686175718,13.31097189373802,54
2085,2085,1,50,52.43927686175718,13.323509881931132,34
2086,2086,1,50,52.43927686175718,13.336047870124244,66
2087,2087,1,50,52.43927686175718,13.348585858317358,57
2088,2088,1,50,52.43927686175718,13.361123846510472,20
2089,2089,1,50,52.43927686175718,13.373661834703585,44
2090,2090,1,50,52.43927686175718,13.386199822896698,87
2091,2091,1,50,52.43927686175718,13.398737811089813,38
2092,2092,1,50,52.43927686175718,13.411275799282924,6
2093,2093,1,50,52.43927686175718,13.423813787476035,21
2094,2094,1,50,52.43927686175718,13.43635177566915,29
2095,2095,1,50,52.43927686175718,13.448889763862264,41
2096,2096,1,50,52.43927686175718,13.461427752055377,50
2097,2097,1,50,52.43927686175718,13.47396574024849,14
2098,2098,1,50,52.43927686175718,13.486503728441605,6
2099,2099,1,50,52.43927686175718,13.499041716634716,17
2100,2100,1,50,52.43927686175718,13.51157970482783,18
2101,2101,1,50,52.43927686175718,13.524117693020942,12
2102,2102,1,50,52.43927686175718,13.536655681214055,70
2103,2103,1,50,52.43927686175718,13.549193669407169,57
2104,2104,1,50,52.43927686175718,13.561731657600282,37
2105,2105,1,50,52.43927686175718,13.574269645793397,79
2106,2106,1,50,52.43927686175718,13.586807633986508,50
2107,2107,1,50,52.44832057908675,13.19813,2
2108,2108,1,50,52.44832057908675,13.210667988193114,1
2109,2109,1,50,52.44832057908675,13.223205976386229,2
2110,2110,1,50,52.44832057908675,13.23574396457934,12
2111,2111,1,50,52.44832057908675,13.248281952772452,30
2112,2112,1,50,52.44832057908675,13.260819940965566,24
2113,2113,1,50,52.44832057908675,13.27335792915868,21
2114,2114,1,50,52.44832057908675,13.285895917351793,61
2115,2115,1,50,52.44832057908675,13.298433905544906,89
2116,2116,1,50,52.44832057908675,13.31097189373802,76
2117,2117,1,50,52.44832057908675,13.323509881931132,103
2118,2118,1,50,52.44832057908675,13.336047870124244,75
2119,2119,1,50,52.44832057908675,13.348585858317358,62
2120,2120,1,50,52.44832057908675,13.361123846510472,16
2121,2121,1,50,52.44832057908675,13.373661834703585,61
2122,2122,1,50,52.44832057908675,13.386199822896698,138
2123,2123,1,50,52.44832057908675,13.398737811089813,67
2124,2124,1,50,52.44832057908675,13.411275799282924,10
2125,2125,1,50,52.44832057908675,13.423813787476035,24
2126,2126,1,50,52.44832057908675,13.43635177566915,50
2127,2127,1,50,52.44832057908675,13.448889763862264,52
2128,2128,1,50,52.44832057908675,13.461427752055377,35
2129,2129,1,50,52.44832057908675,13.47396574024849,9
2130,2130,1,50,52.44832057908675,13.486503728441605,6
2131,2131,1,50,52.44832057908675,13.499041716634716,28
2132,2132,1,50,52.44832057908675,13.51157970482783,58
2133,2133,1,50,52.44832057908675,13.524117693020942,36
2134,2134,1,50,52.44832057908675,13.536655681214055,21
2135,2135,1,50,52.44832057908675,13.549193669407169,14
2136,2136,1,50,52.44832057908675,13.561731657600282,42
2137,2137,1,50,52.44832057908675,13.574269645793397,110
2138,2138,1,50,52.44832057908675,13.586807633986508,100
2139,2139,1,50,52.45736429641632,13.19813,0
2140,2140,1,50,52.45736429641632,13.210667988193114,0
2141,2141,1,50,52.45736429641632,13.223205976386229,0
2142,2142,1,50,52.45736429641632,13.23574396457934,2
2143,2143,1,50,52.45736429641632,13.248281952772452,10
2144,2144,1,50,52.45736429641632,13.260819940965566,17
2145,2145,1,50,52.45736429641632,13.27335792915868,20
2146,2146,1,50,52.45736429641632,13.285895917351793,48
2147,2147,1,50,52.45736429641632,13.298433905544906,53
2148,2148,1,50,52.45736429641632,13.31097189373802,91
2149,2149,1,50,52.45736429641632,13.323509881931132,125
2150,2150,1,50,52.45736429641632,13.336047870124244,132
2151,2151,1,50,52.45736429641632,13.348585858317358,52
2152,2152,1,50,52.45736429641632,13.361123846510472,11
2153,2153,1,50,52.45736429641632,13.373661834703585,118
2154,2154,1,50,52.45736429641632,13.386199822896698,142
2155,2155,1,50,52.45736429641632,13.398737811089813,48
2156,2156,1,50,52.45736429641632,13.411275799282924,12
2157,2157,1,50,52.45736429641632,13.423813787476035,34
2158,2158,1,50,52.45736429641632,13.43635177566915,80
2159,2159,1,50,52.45736429641632,13.448889763862264,58
2160,2160,1,50,52.45736429641632,13.461427752055377,22
2161,2161,1,50,52.45736429641632,13.47396574024849,10
2162,2162,1,50,52.45736429641632,13.486503728441605,22
2163,2163,1,50,52.45736429641632,13.499041716634716,38
2164,2164,1,50,52.45736429641632,13.51157970482783,107
2165,2165,1,50,52.45736429641632,13.524117693020942,91
2166,2166,1,50,52.45736429641632,13.536655681214055,45
2167,2167,1,50,52.45736429641632,13.549193669407169,20
2168,2168,1,50,52.45736429641632,13.561731657600282,13
2169,2169,1,50,52.45736429641632,13.574269645793397,69
2170,2170,1,50,52.45736429641632,13.586807633986508,72
2171,2171,1,50,52.46640801374589,13.19813,2
2172,2172,1,50,52.46640801374589,13.210667988193114,0
2173,2173,1,50,52.46640801374589,13.223205976386229,0
2174,2174,1,50,52.46640801374589,13.23574396457934,0
2175,2175,1,50,52.46640801374589,13.248281952772452,0
2176,2176,1,50,52.46640801374589,13.260819940965566,1
2177,2177,1,50,52.46640801374589,13.27335792915868,5
2178,2178,1,50,52.46640801374589,13.285895917351793,23
2179,2179,1,50,52.46640801374589,13.298433905544906,40
2180,2180,1,50,52.46640801374589,13.31097189373802,69
2181,2181,1,50,52.46640801374589,13.323509881931132,121
2182,2182,1,50,52.46640801374589,13.336047870124244,130
2183,2183,1,50,52.46640801374589,13.348585858317358,47
2184,2184,1,50,52.46640801374589,13.361123846510472,11
2185,2185,1,50,52.46640801374589,13.373661834703585,60
2186,2186,1,50,52.46640801374589,13.386199822896698,88
2187,2187,1,50,52.46640801374589,13.398737811089813,32
2188,2188,1,50,52.46640801374589,13.411275799282924,10
2189,2189,1,50,52.46640801374589,13.423813787476035,87
2190,2190,1,50,52.46640801374589,13.43635177566915,109
2191,2191,1,50,52.46640801374589,13.448889763862264,90
2192,2192,1,50,52.46640801374589,13.461427752055377,36
2193,2193,1,50,52.46640801374589,13.47396574024849,25
2194,2194,1,50,52.46640801374589,13.486503728441605,36
2195,2195,1,50,52.46640801374589,13.499041716634716,39
2196,2196,1,50,52.46640801374589,13.51157970482783,60
2197,2197,1,50,52.46640801374589,13.524117693020942,60
2198,2198,1,50,52.46640801374589,13.536655681214055,12
2199,2199,1,50,52.46640801374589,13.549193669407169,14
2200,2200,1,50,52.46640801374589,13.561731657600282,4
2201,2201,1,50,52.46640801374589,13.574269645793397,35
2202,2202,1,50,52.46640801374589,13.586807633986508,10
2203,2203,1,50,52.47545173107545,13.19813,4
2204,2204,1,50,52.47545173107545,13.210667988193114,2
2205,2205,1,50,52.47545173107545,13.223205976386229,0
2206,2206,1,50,52.47545173107545,13.23574396457934,0
2207,2207,1,50,52.47545173107545,13.248281952772452,0
2208,2208,1,50,52.47545173107545,13.260819940965566,3
2209,2209,1,50,52.47545173107545,13.27335792915868,23
2210,2210,1,50,52.47545173107545,13.285895917351793,62
2211,2211,1,50,52.47545173107545,13.298433905544906,54
2212,2212,1,50,52.47545173107545,13.31097189373802,53
2213,2213,1,50,52.47545173107545,13.323509881931132,77
2214,2214,1,50,52.47545173107545,13.336047870124244,64
2215,2215,1,50,52.47545173107545,13.348585858317358,80
2216,2216,1,50,52.47545173107545,13.361123846510472,33
2217,2217,1,50,52.47545173107545,13.373661834703585,17
2218,2218,1,50,52.47545173107545,13.386199822896698,26
2219,2219,1,50,52.47545173107545,13.398737811089813,1
2220,2220,1,50,52.47545173107545,13.411275799282924,24
2221,2221,1,50,52.47545173107545,13.423813787476035,88
2222,2222,1,50,52.47545173107545,13.43635177566915,209
2223,2223,1,50,52.47545173107545,13.448889763862264,129
2224,2224,1,50,52.47545173107545,13.461427752055377,52
2225,2225,1,50,52.47545173107545,13.47396574024849,12
2226,2226,1,50,52.47545173107545,13.486503728441605,12
2227,2227,1,50,52.47545173107545,13.499041716634716,13
2228,2228,1,50,52.47545173107545,13.51157970482783,16
2229,2229,1,50,52.47545173107545,13.524117693020942,47
2230,2230,1,50,52.47545173107545,13.536655681214055,12
2231,2231,1,50,52.47545173107545,13.549193669407169,4
2232,2232,1,50,52.47545173107545,13.561731657600282,3
2233,2233,1,50,52.47545173107545,13.574269645793397,1
2234,2234,1,50,52.47545173107545,13.586807633986508,10
2235,2235,1,50,52.48449544840502,13.19813,4
2236,2236,1,50,52.48449544840502,13.210667988193114,0
2237,2237,1,50,52.48449544840502,13.223205976386229,0
2238,2238,1,50,52.48449544840502,13.23574396457934,0
2239,2239,1,50,52.48449544840502,13.248281952772452,2
2240,2240,1,50,52.48449544840502,13.260819940965566,16
2241,2241,1,50,52.48449544840502,13.27335792915868,36
2242,2242,1,50,52.48449544840502,13.285895917351793,49
2243,2243,1,50,52.48449544840502,13.298433905544906,34
2244,2244,1,50,52.48449544840502,13.31097189373802,72
2245,2245,1,50,52.48449544840502,13.323509881931132,53
2246,2246,1,50,52.48449544840502,13.336047870124244,97
2247,2247,1,50,52.48449544840502,13.348585858317358,207
2248,2248,1,50,52.48449544840502,13.361123846510472,177
2249,2249,1,50,52.48449544840502,13.373661834703585,41
2250,2250,1,50,52.48449544840502,13.386199822896698,168
2251,2251,1,50,52.48449544840502,13.398737811089813,152
2252,2252,1,50,52.48449544840502,13.411275799282924,34
2253,2253,1,50,52.48449544840502,13.423813787476035,98
2254,2254,1,50,52.48449544840502,13.43635177566915,165
2255,2255,1,50,52.48449544840502,13.448889763862264,149
2256,2256,1,50,52.48449544840502,13.461427752055377,47
2257,2257,1,50,52.48449544840502,13.47396574024849,12
2258,2258,1,50,52.48449544840502,13.486503728441605,12
2259,2259,1,50,52.48449544840502,13.499041716634716,4
2260,2260,1,50,52.48449544840502,13.51157970482783,29
2261,2261,1,50,52.48449544840502,13.524117693020942,60
2262,2262,1,50,52.48449544840502,13.536655681214055,52
2263,2263,1,50,52.48449544840502,13.549193669407169,6
2264,2264,1,50,52.48449544840502,13.561731657600282,10
2265,2265,1,50,52.48449544840502,13.574269645793397,12
2266,2266,1,50,52.48449544840502,13.586807633986508,12
2267,2267,1,50,52.49353916573459,13.19813,0
2268,2268,1,50,52.49353916573459,13.210667988193114,1
2269,2269,1,50,52.49353916573459,13.223205976386229,0
2270,2270,1,50,52.49353916573459,13.23574396457934,0
2271,2271,1,50,52.49353916573459,13.248281952772452,3
2272,2272,1,50,52.49353916573459,13.260819940965566,14
2273,2273,1,50,52.49353916573459,13.27335792915868,24
2274,2274,1,50,52.49353916573459,13.285895917351793,55
2275,2275,1,50,52.49353916573459,13.298433905544906,96
2276,2276,1,50,52.49353916573459,13.31097189373802,96
2277,2277,1,50,52.49353916573459,13.323509881931132,105
2278,2278,1,50,52.49353916573459,13.336047870124244,39
2279,2279,1,50,52.49353916573459,13.348585858317358,126
2280,2280,1,50,52.49353916573459,13.361123846510472,86
2281,2281,1,50,52.49353916573459,13.373661834703585,82
2282,2282,1,50,52.49353916573459,13.386199822896698,176
2283,2283,1,50,52.49353916573459,13.398737811089813,186
2284,2284,1,50,52.49353916573459,13.411275799282924,84
2285,2285,1,50,52.49353916573459,13.423813787476035,116
2286,2286,1,50,52.49353916573459,13.43635177566915,77
2287,2287,1,50,52.49353916573459,13.448889763862264,53
2288,2288,1,50,52.49353916573459,13.461427752055377,36
2289,2289,1,50,52.49353916573459,13.47396574024849,20
2290,2290,1,50,52.49353916573459,13.486503728441605,20
2291,2291,1,50,52.49353916573459,13.499041716634716,21
2292,2292,1,50,52.49353916573459,13.51157970482783,16
2293,2293,1,50,52.49353916573459,13.524117693020942,25
2294,2294,1,50,52.49353916573459,13.536655681214055,11
2295,2295,1,50,52.49353916573459,13.549193669407169,1
2296,2296,1,50,52.49353916573459,13.561731657600282,5
2297,2297,1,50,52.49353916573459,13.574269645793397,12
2298,2298,1,50,52.49353916573459,13.586807633986508,9
2299,2299,1,50,52.50258288306416,13.19813,9
2300,2300,1,50,52.50258288306416,13.210667988193114,11
2301,2301,1,50,52.50258288306416,13.223205976386229,11
2302,2302,1,50,52.50258288306416,13.23574396457934,6
2303,2303,1,50,52.50258288306416,13.248281952772452,6
2304,2304,1,50,52.50258288306416,13.260819940965566,14
2305,2305,1,50,52.50258288306416,13.27335792915868,27
2306,2306,1,50,52.50258288306416,13.285895917351793,87
2307,2307,1,50,52.50258288306416,13.298433905544906,120
2308,2308,1,50,52.50258288306416,13.31097189373802,105
2309,2309,1,50,52.50258288306416,13.323509881931132,142
2310,2310,1,50,52.50258288306416,13.336047870124244,141
2311,2311,1,50,52.50258288306416,13.348585858317358,80
2312,2312,1,50,52.50258288306416,13.361123846510472,59
2313,2313,1,50,52.50258288306416,13.373661834703585,70
2314,2314,1,50,52.50258288306416,13.386199822896698,30
2315,2315,1,50,52.50258288306416,13.398737811089813,21
2316,2316,1,50,52.50258288306416,13.411275799282924,72
2317,2317,1,50,52.50258288306416,13.423813787476035,100
2318,2318,1,50,52.50258288306416,13.43635177566915,38
2319,2319,1,50,52.50258288306416,13.448889763862264,58
2320,2320,1,50,52.50258288306416,13.461427752055377,95
2321,2321,1,50,52.50258288306416,13.47396574024849,93
2322,2322,1,50,52.50258288306416,13.486503728441605,51
2323,2323,1,50,52.50258288306416,13.499041716634716,45
2324,2324,1,50,52.50258288306416,13.51157970482783,35
2325,2325,1,50,52.50258288306416,13.524117693020942,26
2326,2326,1,50,52.50258288306416,13.536655681214055,0
2327,2327,1,50,52.50258288306416,13.549193669407169,8
2328,2328,1,50,52.50258288306416,13.561731657600282,9
2329,2329,1,50,52.50258288306416,13.574269645793397,9
2330,2330,1,50,52.50258288306416,13.586807633986508,11
2331,2331,1,50,52.511626600393726,13.19813,24
2332,2332,1,50,52.511626600393726,13.210667988193114,20
2333,2333,1,50,52.511626600393726,13.223205976386229,14
2334,2334,1,50,52.511626600393726,13.23574396457934,20
2335,2335,1,50,52.511626600393726,13.248281952772452,22
2336,2336,1,50,52.511626600393726,13.260819940965566,52
2337,2337,1,50,52.511626600393726,13.27335792915868,67
2338,2338,1,50,52.511626600393726,13.285895917351793,200
2339,2339,1,50,52.511626600393726,13.298433905544906,237
2340,2340,1,50,52.511626600393726,13.31097189373802,102
2341,2341,1,50,52.511626600393726,13.323509881931132,55
2342,2342,1,50,52.511626600393726,13.336047870124244,98
2343,2343,1,50,52.511626600393726,13.348585858317358,78
2344,2344,1,50,52.511626600393726,13.361123846510472,43
2345,2345,1,50,52.511626600393726,13.373661834703585,28
2346,2346,1,50,52.511626600393726,13.386199822896698,199
2347,2347,1,50,52.511626600393726,13.398737811089813,199
2348,2348,1,50,52.511626600393726,13.411275799282924,48
2349,2349,1,50,52.511626600393726,13.423813787476035,4
2350,2350,1,50,52.511626600393726,13.43635177566915,66
2351,2351,1,50,52.511626600393726,13.448889763862264,202
2352,2352,1,50,52.511626600393726,13.461427752055377,275
2353,2353,1,50,52.511626600393726,13.47396574024849,162
2354,2354,1,50,52.511626600393726,13.486503728441605,141
2355,2355,1,50,52.511626600393726,13.499041716634716,78
2356,2356,1,50,52.511626600393726,13.51157970482783,57
2357,2357,1,50,52.511626600393726,13.524117693020942,27
2358,2358,1,50,52.511626600393726,13.536655681214055,11
2359,2359,1,50,52.511626600393726,13.549193669407169,24
2360,2360,1,50,52.511626600393726,13.561731657600282,26
2361,2361,1,50,52.511626600393726,13.574269645793397,10
2362,2362,1,50,52.511626600393726,13.586807633986508,16
2363,2363,1,50,52.520670317723294,13.19813,80
2364,2364,1,50,52.520670317723294,13.210667988193114,34
2365,2365,1,50,52.520670317723294,13.223205976386229,4
2366,2366,1,50,52.520670317723294,13.23574396457934,9
2367,2367,1,50,52.520670317723294,13.248281952772452,20
2368,2368,1,50,52.520670317723294,13.260819940965566,29
2369,2369,1,50,52.520670317723294,13.27335792915868,25
2370,2370,1,50,52.520670317723294,13.285895917351793,94
2371,2371,1,50,52.520670317723294,13.298433905544906,149
2372,2372,1,50,52.520670317723294,13.31097189373802,56
2373,2373,1,50,52.520670317723294,13.323509881931132,100
2374,2374,1,50,52.520670317723294,13.336047870124244,133
2375,2375,1,50,52.520670317723294,13.348585858317358,75
2376,2376,1,50,52.520670317723294,13.361123846510472,63
2377,2377,1,50,52.520670317723294,13.373661834703585,74
2378,2378,1,50,52.520670317723294,13.386199822896698,136
2379,2379,1,50,52.520670317723294,13.398737811089813,154
2380,2380,1,50,52.520670317723294,13.411275799282924,23
2381,2381,1,50,52.520670317723294,13.423813787476035,19
2382,2382,1,50,52.520670317723294,13.43635177566915,51
2383,2383,1,50,52.520670317723294,13.448889763862264,126
2384,2384,1,50,52.520670317723294,13.461427752055377,95
2385,2385,1,50,52.520670317723294,13.47396574024849,107
2386,2386,1,50,52.520670317723294,13.486503728441605,66
2387,2387,1,50,52.520670317723294,13.499041716634716,51
2388,2388,1,50,52.520670317723294,13.51157970482783,2
2389,2389,1,50,52.520670317723294,13.524117693020942,10
2390,2390,1,50,52.520670317723294,13.536655681214055,19
2391,2391,1,50,52.520670317723294,13.549193669407169,24
2392,2392,1,50,52.520670317723294,13.561731657600282,21
2393,2393,1,50,52.520670317723294,13.574269645793397,19
2394,2394,1,50,52.520670317723294,13.586807633986508,28
2395,2395,1,50,52.52971403505286,13.19813,143
2396,2396,1,50,52.52971403505286,13.210667988193114,75
2397,2397,1,50,52.52971403505286,13.223205976386229,12
2398,2398,1,50,52.52971403505286,13.23574396457934,8
2399,2399,1,50,52.52971403505286,13.248281952772452,8
2400,2400,1,50,52.52971403505286,13.260819940965566,32
2401,2401,1,50,52.52971403505286,13.27335792915868,38
2402,2402,1,50,52.52971403505286,13.285895917351793,17
2403,2403,1,50,52.52971403505286,13.298433905544906,14
2404,2404,1,50,52.52971403505286,13.31097189373802,23
2405,2405,1,50,52.52971403505286,13.323509881931132,88
2406,2406,1,50,52.52971403505286,13.336047870124244,98
2407,2407,1,50,52.52971403505286,13.348585858317358,30
2408,2408,1,50,52.52971403505286,13.361123846510472,52
2409,2409,1,50,52.52971403505286,13.373661834703585,80
2410,2410,1,50,52.52971403505286,13.386199822896698,60
2411,2411,1,50,52.52971403505286,13.398737811089813,30
2412,2412,1,50,52.52971403505286,13.411275799282924,99
2413,2413,1,50,52.52971403505286,13.423813787476035,113
2414,2414,1,50,52.52971403505286,13.43635177566915,76
2415,2415,1,50,52.52971403505286,13.448889763862264,37
2416,2416,1,50,52.52971403505286,13.461427752055377,41
2417,2417,1,50,52.52971403505286,13.47396574024849,34
2418,2418,1,50,52.52971403505286,13.486503728441605,36
2419,2419,1,50,52.52971403505286,13.499041716634716,24
2420,2420,1,50,52.52971403505286,13.51157970482783,7
2421,2421,1,50,52.52971403505286,13.524117693020942,5
2422,2422,1,50,52.52971403505286,13.536655681214055,19
2423,2423,1,50,52.52971403505286,13.549193669407169,32
2424,2424,1,50,52.52971403505286,13.561731657600282,29
2425,2425,1,50,52.52971403505286,13.574269645793397,10
2426,2426,1,50,52.52971403505286,13.586807633986508,22
2427,2427,1,50,52.53875775238243,13.19813,185
2428,2428,1,50,52.53875775238243,13.210667988193114,145
2429,2429,1,50,52.53875775238243,13.223205976386229,15
2430,2430,1,50,52.53875775238243,13.23574396457934,40
2431,2431,1,50,52.53875775238243,13.248281952772452,32
2432,2432,1,50,52.53875775238243,13.260819940965566,46
2433,2433,1,50,52.53875775238243,13.27335792915868,56
2434,2434,1,50,52.53875775238243,13.285895917351793,25
2435,2435,1,50,52.53875775238243,13.298433905544906,16
2436,2436,1,50,52.53875775238243,13.31097189373802,14
2437,2437,1,50,52.53875775238243,13.323509881931132,17
2438,2438,1,50,52.53875775238243,13.336047870124244,28
2439,2439,1,50,52.53875775238243,13.348585858317358,84
2440,2440,1,50,52.53875775238243,13.361123846510472,102
2441,2441,1,50,52.53875775238243,13.373661834703585,13
2442,2442,1,50,52.53875775238243,13.386199822896698,57
2443,2443,1,50,52.53875775238243,13.398737811089813,137
2444,2444,1,50,52.53875775238243,13.411275799282924,163
2445,2445,1,50,52.53875775238243,13.423813787476035,175
2446,2446,1,50,52.53875775238243,13.43635177566915,89
2447,2447,1,50,52.53875775238243,13.448889763862264,38
2448,2448,1,50,52.53875775238243,13.461427752055377,16
2449,2449,1,50,52.53875775238243,13.47396574024849,24
2450,2450,1,50,52.53875775238243,13.486503728441605,64
2451,2451,1,50,52.53875775238243,13.499041716634716,54
2452,2452,1,50,52.53875775238243,13.51157970482783,14
2453,2453,1,50,52.53875775238243,13.524117693020942,7
2454,2454,1,50,52.53875775238243,13.536655681214055,46
2455,2455,1,50,52.53875775238243,13.549193669407169,74
2456,2456,1,50,52.53875775238243,13.561731657600282,33
2457,2457,1,50,52.53875775238243,13.574269645793397,17
2458,2458,1,50,52.53875775238243,13.586807633986508,8
2459,2459,1,50,52.547801469712,13.19813,69
2460,2460,1,50,52.547801469712,13.210667988193114,69
2461,2461,1,50,52.547801469712,13.223205976386229,13
2462,2462,1,50,52.547801469712,13.23574396457934,27
2463,2463,1,50,52.547801469712,13.248281952772452,28
2464,2464,1,50,52.547801469712,13.260819940965566,0
2465,2465,1,50,52.547801469712,13.27335792915868,4
2466,2466,1,50,52.547801469712,13.285895917351793,9
2467,2467,1,50,52.547801469712,13.298433905544906,14
2468,2468,1,50,52.547801469712,13.31097189373802,12
2469,2469,1,50,52.547801469712,13.323509881931132,10
2470,2470,1,50,52.547801469712,13.336047870124244,51
2471,2471,1,50,52.547801469712,13.348585858317358,218
2472,2472,1,50,52.547801469712,13.361123846510472,166
2473,2473,1,50,52.547801469712,13.373661834703585,71
2474,2474,1,50,52.547801469712,13.386199822896698,77
2475,2475,1,50,52.547801469712,13.398737811089813,130
2476,2476,1,50,52.547801469712,13.411275799282924,167
2477,2477,1,50,52.547801469712,13.423813787476035,110
2478,2478,1,50,52.547801469712,13.43635177566915,103
2479,2479,1,50,52.547801469712,13.448889763862264,99
2480,2480,1,50,52.547801469712,13.461427752055377,84
2481,2481,1,50,52.547801469712,13.47396574024849,38
2482,2482,1,50,52.547801469712,13.486503728441605,55
2483,2483,1,50,52.547801469712,13.499041716634716,66
2484,2484,1,50,52.547801469712,13.51157970482783,29
2485,2485,1,50,52.547801469712,13.524117693020942,9
2486,2486,1,50,52.547801469712,13.536655681214055,42
2487,2487,1,50,52.547801469712,13.549193669407169,54
2488,2488,1,50,52.547801469712,13.561731657600282,26
2489,2489,1,50,52.547801469712,13.574269645793397,15
2490,2490,1,50,52.547801469712,13.586807633986508,16
2491,2491,1,50,52.55684518704157,13.19813,29
2492,2492,1,50,52.55684518704157,13.210667988193114,29
2493,2493,1,50,52.55684518704157,13.223205976386229,4
2494,2494,1,50,52.55684518704157,13.23574396457934,6
2495,2495,1,50,52.55684518704157,13.248281952772452,2
2496,2496,1,50,52.55684518704157,13.260819940965566,0
2497,2497,1,50,52.55684518704157,13.27335792915868,0
2498,2498,1,50,52.55684518704157,13.285895917351793,6
2499,2499,1,50,52.55684518704157,13.298433905544906,8
2500,2500,1,50,52.55684518704157,13.31097189373802,5
2501,2501,1,50,52.55684518704157,13.323509881931132,35
2502,2502,1,50,52.55684518704157,13.336047870124244,60
2503,2503,1,50,52.55684518704157,13.348585858317358,111
2504,2504,1,50,52.55684518704157,13.361123846510472,93
2505,2505,1,50,52.55684518704157,13.373661834703585,90
2506,2506,1,50,52.55684518704157,13.386199822896698,80
2507,2507,1,50,52.55684518704157,13.398737811089813,60
2508,2508,1,50,52.55684518704157,13.411275799282924,90
2509,2509,1,50,52.55684518704157,13.423813787476035,78
2510,2510,1,50,52.55684518704157,13.43635177566915,39
2511,2511,1,50,52.55684518704157,13.448889763862264,66
2512,2512,1,50,52.55684518704157,13.461427752055377,72
2513,2513,1,50,52.55684518704157,13.47396574024849,29
2514,2514,1,50,52.55684518704157,13.486503728441605,17
2515,2515,1,50,52.55684518704157,13.499041716634716,43
2516,2516,1,50,52.55684518704157,13.51157970482783,38
2517,2517,1,50,52.55684518704157,13.524117693020942,2
2518,2518,1,50,52.55684518704157,13.536655681214055,2
2519,2519,1,50,52.55684518704157,13.549193669407169,20
2520,2520,1,50,52.55684518704157,13.561731657600282,20
2521,2521,1,50,52.55684518704157,13.574269645793397,13
2522,2522,1,50,52.55684518704157,13.586807633986508,6
2523,2523,1,50,52.565888904371135,13.19813,15
2524,2524,1,50,52.565888904371135,13.210667988193114,13
2525,2525,1,50,52.565888904371135,13.223205976386229,8
2526,2526,1,50,52.565888904371135,13.23574396457934,4
2527,2527,1,50,52.565888904371135,13.248281952772452,2
2528,2528,1,50,52.565888904371135,13.260819940965566,0
2529,2529,1,50,52.565888904371135,13.27335792915868,0
2530,2530,1,50,52.565888904371135,13.285895917351793,2
2531,2531,1,50,52.565888904371135,13.298433905544906,16
2532,2532,1,50,52.565888904371135,13.31097189373802,41
2533,2533,1,50,52.565888904371135,13.323509881931132,69
2534,2534,1,50,52.565888904371135,13.336047870124244,41
2535,2535,1,50,52.565888904371135,13.348585858317358,36
2536,2536,1,50,52.565888904371135,13.361123846510472,72
2537,2537,1,50,52.565888904371135,13.373661834703585,48
2538,2538,1,50,52.565888904371135,13.386199822896698,55
2539,2539,1,50,52.565888904371135,13.398737811089813,135
2540,2540,1,50,52.565888904371135,13.411275799282924,135
2541,2541,1,50,52.565888904371135,13.423813787476035,44
2542,2542,1,50,52.565888904371135,13.43635177566915,21
2543,2543,1,50,52.565888904371135,13.448889763862264,19
2544,2544,1,50,52.565888904371135,13.461427752055377,11
2545,2545,1,50,52.565888904371135,13.47396574024849,9
2546,2546,1,50,52.565888904371135,13.486503728441605,26
2547,2547,1,50,52.565888904371135,13.499041716634716,69
2548,2548,1,50,52.565888904371135,13.51157970482783,60
2549,2549,1,50,52.565888904371135,13.524117693020942,28
2550,2550,1,50,52.565888904371135,13.536655681214055,11
2551,2551,1,50,52.565888904371135,13.549193669407169,15
2552,2552,1,50,52.565888904371135,13.561731657600282,11
2553,2553,1,50,52.565888904371135,13.574269645793397,11
2554,2554,1,50,52.565888904371135,13.586807633986508,4
2555,2555,1,50,52.574932621700704,13.19813,6
2556,2556,1,50,52.574932621700704,13.210667988193114,8
2557,2557,1,50,52.574932621700704,13.223205976386229,8
2558,2558,1,50,52.574932621700704,13.23574396457934,4
2559,2559,1,50,52.574932621700704,13.248281952772452,0
2560,2560,1,50,52.574932621700704,13.260819940965566,0
2561,2561,1,50,52.574932621700704,13.27335792915868,2
2562,2562,1,50,52.574932621700704,13.285895917351793,14
2563,2563,1,50,52.574932621700704,13.298433905544906,30
2564,2564,1,50,52.574932621700704,13.31097189373802,47
2565,2565,1,50,52.574932621700704,13.323509881931132,28
2566,2566,1,50,52.574932621700704,13.336047870124244,22
2567,2567,1,50,52.574932621700704,13.348585858317358,42
2568,2568,1,50,52.574932621700704,13.361123846510472,46
2569,2569,1,50,52.574932621700704,13.373661834703585,18
2570,2570,1,50,52.574932621700704,13.386199822896698,25
2571,2571,1,50,52.574932621700704,13.398737811089813,125
2572,2572,1,50,52.574932621700704,13.411275799282924,121
2573,2573,1,50,52.574932621700704,13.423813787476035,18
2574,2574,1,50,52.574932621700704,13.43635177566915,17
2575,2575,1,50,52.574932621700704,13.448889763862264,8
2576,2576,1,50,52.574932621700704,13.461427752055377,4
2577,2577,1,50,52.574932621700704,13.47396574024849,12
2578,2578,1,50,52.574932621700704,13.486503728441605,32
2579,2579,1,50,52.574932621700704,13.499041716634716,30
2580,2580,1,50,52.574932621700704,13.51157970482783,27
2581,2581,1,50,52.574932621700704,13.524117693020942,27
2582,2582,1,50,52.574932621700704,13.536655681214055,6
2583,2583,1,50,52.574932621700704,13.549193669407169,6
2584,2584,1,50,52.574932621700704,13.561731657600282,7
2585,2585,1,50,52.574932621700704,13.574269645793397,11
2586,2586,1,50,52.574932621700704,13.586807633986508,8
2587,2587,1,50,52.58397633903027,13.19813,0
2588,2588,1,50,52.58397633903027,13.210667988193114,2
2589,2589,1,50,52.58397633903027,13.223205976386229,2
2590,2590,1,50,52.58397633903027,13.23574396457934,2
2591,2591,1,50,52.58397633903027,13.248281952772452,4
2592,2592,1,50,52.58397633903027,13.260819940965566,5
2593,2593,1,50,52.58397633903027,13.27335792915868,110
2594,2594,1,50,52.58397633903027,13.285895917351793,122
2595,2595,1,50,52.58397633903027,13.298433905544906,94
2596,2596,1,50,52.58397633903027,13.31097189373802,25
2597,2597,1,50,52.58397633903027,13.323509881931132,25
2598,2598,1,50,52.58397633903027,13.336047870124244,25
2599,2599,1,50,52.58397633903027,13.348585858317358,25
2600,2600,1,50,52.58397633903027,13.361123846510472,8
2601,2601,1,50,52.58397633903027,13.373661834703585,10
2602,2602,1,50,52.58397633903027,13.386199822896698,21
2603,2603,1,50,52.58397633903027,13.398737811089813,67
2604,2604,1,50,52.58397633903027,13.411275799282924,48
2605,2605,1,50,52.58397633903027,13.423813787476035,10
2606,2606,1,50,52.58397633903027,13.43635177566915,4
2607,2607,1,50,52.58397633903027,13.448889763862264,1
2608,2608,1,50,52.58397633903027,13.461427752055377,5
2609,2609,1,50,52.58397633903027,13.47396574024849,13
2610,2610,1,50,52.58397633903027,13.486503728441605,8
2611,2611,1,50,52.58397633903027,13.499041716634716,0
2612,2612,1,50,52.58397633903027,13.51157970482783,3
2613,2613,1,50,52.58397633903027,13.524117693020942,3
2614,2614,1,50,52.58397633903027,13.536655681214055,3
2615,2615,1,50,52.58397633903027,13.549193669407169,0
2616,2616,1,50,52.58397633903027,13.561731657600282,0
2617,2617,1,50,52.58397633903027,13.574269645793397,4
2618,2618,1,50,52.58397633903027,13.586807633986508,4
2619,2619,1,50,52.59302005635984,13.19813,0
2620,2620,1,50,52.59302005635984,13.210667988193114,2
2621,2621,1,50,52.59302005635984,13.223205976386229,2
2622,2622,1,50,52.59302005635984,13.23574396457934,1
2623,2623,1,50,52.59302005635984,13.248281952772452,3
2624,2624,1,50,52.59302005635984,13.260819940965566,10
2625,2625,1,50,52.59302005635984,13.27335792915868,61
2626,2626,1,50,52.59302005635984,13.285895917351793,92
2627,2627,1,50,52.59302005635984,13.298433905544906,25
2628,2628,1,50,52.59302005635984,13.31097189373802,11
2629,2629,1,50,52.59302005635984,13.323509881931132,53
2630,2630,1,50,52.59302005635984,13.336047870124244,68
2631,2631,1,50,52.59302005635984,13.348585858317358,57
2632,2632,1,50,52.59302005635984,13.361123846510472,44
2633,2633,1,50,52.59302005635984,13.373661834703585,11
2634,2634,1,50,52.59302005635984,13.386199822896698,17
2635,2635,1,50,52.59302005635984,13.398737811089813,27
2636,2636,1,50,52.59302005635984,13.411275799282924,16
2637,2637,1,50,52.59302005635984,13.423813787476035,11
2638,2638,1,50,52.59302005635984,13.43635177566915,8
2639,2639,1,50,52.59302005635984,13.448889763862264,11
2640,2640,1,50,52.59302005635984,13.461427752055377,12
2641,2641,1,50,52.59302005635984,13.47396574024849,5
2642,2642,1,50,52.59302005635984,13.486503728441605,0
2643,2643,1,50,52.59302005635984,13.499041716634716,0
2644,2644,1,50,52.59302005635984,13.51157970482783,0
2645,2645,1,50,52.59302005635984,13.524117693020942,4
2646,2646,1,50,52.59302005635984,13.536655681214055,0
2647,2647,1,50,52.59302005635984,13.549193669407169,2
2648,2648,1,50,52.59302005635984,13.561731657600282,2
2649,2649,1,50,52.59302005635984,13.574269645793397,0
2650,2650,1,50,52.59302005635984,13.586807633986508,0
2651,2651,1,50,52.60206377368941,13.19813,8
2652,2652,1,50,52.60206377368941,13.210667988193114,13
2653,2653,1,50,52.60206377368941,13.223205976386229,5
2654,2654,1,50,52.60206377368941,13.23574396457934,4
2655,2655,1,50,52.60206377368941,13.248281952772452,4
2656,2656,1,50,52.60206377368941,13.260819940965566,4
2657,2657,1,50,52.60206377368941,13.27335792915868,5
2658,2658,1,50,52.60206377368941,13.285895917351793,11
2659,2659,1,50,52.60206377368941,13.298433905544906,14
2660,2660,1,50,52.60206377368941,13.31097189373802,16
2661,2661,1,50,52.60206377368941,13.323509881931132,48
2662,2662,1,50,52.60206377368941,13.336047870124244,64
2663,2663,1,50,52.60206377368941,13.348585858317358,38
2664,2664,1,50,52.60206377368941,13.361123846510472,36
2665,2665,1,50,52.60206377368941,13.373661834703585,5
2666,2666,1,50,52.60206377368941,13.386199822896698,5
2667,2667,1,50,52.60206377368941,13.398737811089813,6
2668,2668,1,50,52.60206377368941,13.411275799282924,4
2669,2669,1,50,52.60206377368941,13.423813787476035,18
2670,2670,1,50,52.60206377368941,13.43635177566915,14
2671,2671,1,50,52.60206377368941,13.448889763862264,6
2672,2672,1,50,52.60206377368941,13.461427752055377,2
2673,2673,1,50,52.60206377368941,13.47396574024849,6
2674,2674,1,50,52.60206377368941,13.486503728441605,8
2675,2675,1,50,52.60206377368941,13.499041716634716,0
2676,2676,1,50,52.60206377368941,13.51157970482783,6
2677,2677,1,50,52.60206377368941,13.524117693020942,6
2678,2678,1,50,52.60206377368941,13.536655681214055,2
2679,2679,1,50,52.60206377368941,13.549193669407169,2
2680,2680,1,50,52.60206377368941,13.561731657600282,2
2681,2681,1,50,52.60206377368941,13.574269645793397,0
2682,2682,1,50,52.60206377368941,13.586807633986508,0
2683,2683,1,50,52.61110749101898,13.19813,16
2684,2684,1,50,52.61110749101898,13.210667988193114,19
2685,2685,1,50,52.61110749101898,13.223205976386229,13
2686,2686,1,50,52.61110749101898,13.23574396457934,4
2687,2687,1,50,52.61110749101898,13.248281952772452,4
2688,2688,1,50,52.61110749101898,13.260819940965566,0
2689,2689,1,50,52.61110749101898,13.27335792915868,0
2690,2690,1,50,52.61110749101898,13.285895917351793,2
2691,2691,1,50,52.61110749101898,13.298433905544906,23
2692,2692,1,50,52.61110749101898,13.31097189373802,44
2693,2693,1,50,52.61110749101898,13.323509881931132,42
2694,2694,1,50,52.61110749101898,13.336047870124244,31
2695,2695,1,50,52.61110749101898,13.348585858317358,18
2696,2696,1,50,52.61110749101898,13.361123846510472,14
2697,2697,1,50,52.61110749101898,13.373661834703585,2
2698,2698,1,50,52.61110749101898,13.386199822896698,0
2699,2699,1,50,52.61110749101898,13.398737811089813,2
2700,2700,1,50,52.61110749101898,13.411275799282924,5
2701,2701,1,50,52.61110749101898,13.423813787476035,16
2702,2702,1,50,52.61110749101898,13.43635177566915,12
2703,2703,1,50,52.61110749101898,13.448889763862264,0
2704,2704,1,50,52.61110749101898,13.461427752055377,4
2705,2705,1,50,52.61110749101898,13.47396574024849,14
2706,2706,1,50,52.61110749101898,13.486503728441605,25
2707,2707,1,50,52.61110749101898,13.499041716634716,10
2708,2708,1,50,52.61110749101898,13.51157970482783,0
2709,2709,1,50,52.61110749101898,13.524117693020942,2
2710,2710,1,50,52.61110749101898,13.536655681214055,0
2711,2711,1,50,52.61110749101898,13.549193669407169,0
2712,2712,1,50,52.61110749101898,13.561731657600282,0
2713,2713,1,50,52.61110749101898,13.574269645793397,0
2714,2714,1,50,52.61110749101898,13.586807633986508,0
2715,2715,1,50,52.62015120834855,13.19813,2
2716,2716,1,50,52.62015120834855,13.210667988193114,8
2717,2717,1,50,52.62015120834855,13.223205976386229,9
2718,2718,1,50,52.62015120834855,13.23574396457934,8
2719,2719,1,50,52.62015120834855,13.248281952772452,5
2720,2720,1,50,52.62015120834855,13.260819940965566,0
2721,2721,1,50,52.62015120834855,13.27335792915868,2
2722,2722,1,50,52.62015120834855,13.285895917351793,2
2723,2723,1,50,52.62015120834855,13.298433905544906,35
2724,2724,1,50,52.62015120834855,13.31097189373802,48
2725,2725,1,50,52.62015120834855,13.323509881931132,16
2726,2726,1,50,52.62015120834855,13.336047870124244,6
2727,2727,1,50,52.62015120834855,13.348585858317358,9
2728,2728,1,50,52.62015120834855,13.361123846510472,8
2729,2729,1,50,52.62015120834855,13.373661834703585,0
2730,2730,1,50,52.62015120834855,13.386199822896698,2
2731,2731,1,50,52.62015120834855,13.398737811089813,2
2732,2732,1,50,52.62015120834855,13.411275799282924,1
2733,2733,1,50,52.62015120834855,13.423813787476035,5
2734,2734,1,50,52.62015120834855,13.43635177566915,4
2735,2735,1,50,52.62015120834855,13.448889763862264,0
2736,2736,1,50,52.62015120834855,13.461427752055377,4
2737,2737,1,50,52.62015120834855,13.47396574024849,13
2738,2738,1,50,52.62015120834855,13.486503728441605,19
2739,2739,1,50,52.62015120834855,13.499041716634716,21
2740,2740,1,50,52.62015120834855,13.51157970482783,0
2741,2741,1,50,52.62015120834855,13.524117693020942,0
2742,2742,1,50,52.62015120834855,13.536655681214055,2
2743,2743,1,50,52.62015120834855,13.549193669407169,2
2744,2744,1,50,52.62015120834855,13.561731657600282,0
2745,2745,1,50,52.62015120834855,13.574269645793397,0
2746,2746,1,50,52.62015120834855,13.586807633986508,0
2747,2747,1,50,52.629194925678114,13.19813,36
2748,2748,1,50,52.629194925678114,13.210667988193114,22
2749,2749,1,50,52.629194925678114,13.223205976386229,5
2750,2750,1,50,52.629194925678114,13.23574396457934,3
2751,2751,1,50,52.629194925678114,13.248281952772452,0
2752,2752,1,50,52.629194925678114,13.260819940965566,0
2753,2753,1,50,52.629194925678114,13.27335792915868,2
2754,2754,1,50,52.629194925678114,13.285895917351793,26
2755,2755,1,50,52.629194925678114,13.298433905544906,42
2756,2756,1,50,52.629194925678114,13.31097189373802,26
2757,2757,1,50,52.629194925678114,13.323509881931132,25
2758,2758,1,50,52.629194925678114,13.336047870124244,11
2759,2759,1,50,52.629194925678114,13.348585858317358,2
2760,2760,1,50,52.629194925678114,13.361123846510472,2
2761,2761,1,50,52.629194925678114,13.373661834703585,6
2762,2762,1,50,52.629194925678114,13.386199822896698,2
2763,2763,1,50,52.629194925678114,13.398737811089813,0
2764,2764,1,50,52.629194925678114,13.411275799282924,0
2765,2765,1,50,52.629194925678114,13.423813787476035,0
2766,2766,1,50,52.629194925678114,13.43635177566915,0
2767,2767,1,50,52.629194925678114,13.448889763862264,0
2768,2768,1,50,52.629194925678114,13.461427752055377,0
2769,2769,1,50,52.629194925678114,13.47396574024849,0
2770,2770,1,50,52.629194925678114,13.486503728441605,10
2771,2771,1,50,52.629194925678114,13.499041716634716,16
2772,2772,1,50,52.629194925678114,13.51157970482783,6
2773,2773,1,50,52.629194925678114,13.524117693020942,0
2774,2774,1,50,52.629194925678114,13.536655681214055,2
2775,2775,1,50,52.629194925678114,13.549193669407169,2
2776,2776,1,50,52.629194925678114,13.561731657600282,0
2777,2777,1,50,52.629194925678114,13.574269645793397,0
2778,2778,1,50,52.629194925678114,13.586807633986508,0
3285,3285,2,50,52.39405827510934,13.19813,29
3286,3286,2,50,52.39405827510934,13.223205976386229,64
3287,3287,2,50,52.39405827510934,13.248281952772455,72
3288,3288,2,50,52.39405827510934,13.273357929158683,51
3289,3289,2,50,52.39405827510934,13.298433905544911,8
3290,3290,2,50,52.39405827510934,13.32350988193114,1
3291,3291,2,50,52.39405827510934,13.348585858317367,7
3292,3292,2,50,52.39405827510934,13.373661834703595,33
3293,3293,2,50,52.39405827510934,13.398737811089823,81
3294,3294,2,50,52.39405827510934,13.423813787476051,77
3295,3295,2,50,52.39405827510934,13.44888976386228,24
3296,3296,2,50,52.39405827510934,13.47396574024851,6
3297,3297,2,50,52.39405827510934,13.499041716634736,46
3298,3298,2,50,52.39405827510934,13.524117693020964,65
3299,3299,2,50,52.39405827510934,13.549193669407192,27
3300,3300,2,50,52.39405827510934,13.574269645793422,13
3301,3301,2,50,52.41214570976848,13.19813,33
3302,3302,2,50,52.41214570976848,13.223205976386229,52
3303,3303,2,50,52.41214570976848,13.248281952772455,91
3304,3304,2,50,52.41214570976848,13.273357929158683,59
3305,3305,2,50,52.41214570976848,13.298433905544911,57
3306,3306,2,50,52.41214570976848,13.32350988193114,115
3307,3307,2,50,52.41214570976848,13.348585858317367,72
3308,3308,2,50,52.41214570976848,13.373661834703595,97
3309,3309,2,50,52.41214570976848,13.398737811089823,112
3310,3310,2,50,52.41214570976848,13.423813787476051,135
3311,3311,2,50,52.41214570976848,13.44888976386228,110
3312,3312,2,50,52.41214570976848,13.47396574024851,115
3313,3313,2,50,52.41214570976848,13.499041716634736,105
3314,3314,2,50,52.41214570976848,13.524117693020964,103
3315,3315,2,50,52.41214570976848,13.549193669407192,61
3316,3316,2,50,52.41214570976848,13.574269645793422,48
3317,3317,2,50,52.430233144427625,13.19813,69
3318,3318,2,50,52.430233144427625,13.223205976386229,83
3319,3319,2,50,52.430233144427625,13.248281952772455,163
3320,3320,2,50,52.430233144427625,13.273357929158683,158
3321,3321,2,50,52.430233144427625,13.298433905544911,168
3322,3322,2,50,52.430233144427625,13.32350988193114,228
3323,3323,2,50,52.430233144427625,13.348585858317367,179
3324,3324,2,50,52.430233144427625,13.373661834703595,141
3325,3325,2,50,52.430233144427625,13.398737811089823,161
3326,3326,2,50,52.430233144427625,13.423813787476051,100
3327,3327,2,50,52.430233144427625,13.44888976386228,189
3328,3328,2,50,52.430233144427625,13.47396574024851,184
3329,3329,2,50,52.430233144427625,13.499041716634736,134
3330,3330,2,50,52.430233144427625,13.524117693020964,123
3331,3331,2,50,52.430233144427625,13.549193669407192,133
3332,3332,2,50,52.430233144427625,13.574269645793422,146
3333,3333,2,50,52.44832057908677,13.19813,31
3334,3334,2,50,52.44832057908677,13.223205976386229,39
3335,3335,2,50,52.44832057908677,13.248281952772455,115
3336,3336,2,50,52.44832057908677,13.273357929158683,171
3337,3337,2,50,52.44832057908677,13.298433905544911,261
3338,3338,2,50,52.44832057908677,13.32350988193114,328
3339,3339,2,50,52.44832057908677,13.348585858317367,210
3340,3340,2,50,52.44832057908677,13.373661834703595,262
3341,3341,2,50,52.44832057908677,13.398737811089823,234
3342,3342,2,50,52.44832057908677,13.423813787476051,115
3343,3343,2,50,52.44832057908677,13.44888976386228,151
3344,3344,2,50,52.44832057908677,13.47396574024851,71
3345,3345,2,50,52.44832057908677,13.499041716634736,135
3346,3346,2,50,52.44832057908677,13.524117693020964,197
3347,3347,2,50,52.44832057908677,13.549193669407192,189
3348,3348,2,50,52.44832057908677,13.574269645793422,190
3349,3349,2,50,52.46640801374591,13.19813,8
3350,3350,2,50,52.46640801374591,13.223205976386229,2
3351,3351,2,50,52.46640801374591,13.248281952772455,12
3352,3352,2,50,52.46640801374591,13.273357929158683,114
3353,3353,2,50,52.46640801374591,13.298433905544911,238
3354,3354,2,50,52.46640801374591,13.32350988193114,324
3355,3355,2,50,52.46640801374591,13.348585858317367,298
3356,3356,2,50,52.46640801374591,13.373661834703595,192
3357,3357,2,50,52.46640801374591,13.398737811089823,193
3358,3358,2,50,52.46640801374591,13.423813787476051,278
3359,3359,2,50,52.46640801374591,13.44888976386228,333
3360,3360,2,50,52.46640801374591,13.47396574024851,106
3361,3361,2,50,52.46640801374591,13.499041716634736,147
3362,3362,2,50,52.46640801374591,13.524117693020964,193
3363,3363,2,50,52.46640801374591,13.549193669407192,57
3364,3364,2,50,52.46640801374591,13.574269645793422,90
3365,3365,2,50,52.484495448405056,13.19813,27
3366,3366,2,50,52.484495448405056,13.223205976386229,2
3367,3367,2,50,52.484495448405056,13.248281952772455,20
3368,3368,2,50,52.484495448405056,13.273357929158683,129
3369,3369,2,50,52.484495448405056,13.298433905544911,238
3370,3370,2,50,52.484495448405056,13.32350988193114,379
3371,3371,2,50,52.484495448405056,13.348585858317367,303
3372,3372,2,50,52.484495448405056,13.373661834703595,442
3373,3373,2,50,52.484495448405056,13.398737811089823,256
3374,3374,2,50,52.484495448405056,13.423813787476051,427
3375,3375,2,50,52.484495448405056,13.44888976386228,335
3376,3376,2,50,52.484495448405056,13.47396574024851,123
3377,3377,2,50,52.484495448405056,13.499041716634736,102
3378,3378,2,50,52.484495448405056,13.524117693020964,87
3379,3379,2,50,52.484495448405056,13.549193669407192,74
3380,3380,2,50,52.484495448405056,13.574269645793422,33
3381,3381,2,50,52.5025828830642,13.19813,43
3382,3382,2,50,52.5025828830642,13.223205976386229,35
3383,3383,2,50,52.5025828830642,13.248281952772455,88
3384,3384,2,50,52.5025828830642,13.273357929158683,297
3385,3385,2,50,52.5025828830642,13.298433905544911,463
3386,3386,2,50,52.5025828830642,13.32350988193114,388
3387,3387,2,50,52.5025828830642,13.348585858317367,404
3388,3388,2,50,52.5025828830642,13.373661834703595,379
3389,3389,2,50,52.5025828830642,13.398737811089823,525
3390,3390,2,50,52.5025828830642,13.423813787476051,211
3391,3391,2,50,52.5025828830642,13.44888976386228,420
3392,3392,2,50,52.5025828830642,13.47396574024851,410
3393,3393,2,50,52.5025828830642,13.499041716634736,182
3394,3394,2,50,52.5025828830642,13.524117693020964,99
3395,3395,2,50,52.5025828830642,13.549193669407192,44
3396,3396,2,50,52.5025828830642,13.574269645793422,52
3397,3397,2,50,52.520670317723344,13.19813,204
3398,3398,2,50,52.520670317723344,13.223205976386229,110
3399,3399,2,50,52.520670317723344,13.248281952772455,83
3400,3400,2,50,52.520670317723344,13.273357929158683,293
3401,3401,2,50,52.520670317723344,13.298433905544911,315
3402,3402,2,50,52.520670317723344,13.32350988193114,335
3403,3403,2,50,52.520670317723344,13.348585858317367,309
3404,3404,2,50,52.520670317723344,13.373661834703595,358
3405,3405,2,50,52.520670317723344,13.398737811089823,320
3406,3406,2,50,52.520670317723344,13.423813787476051,249
3407,3407,2,50,52.520670317723344,13.44888976386228,375
3408,3408,2,50,52.520670317723344,13.47396574024851,455
3409,3409,2,50,52.520670317723344,13.499041716634736,204
3410,3410,2,50,52.520670317723344,13.524117693020964,63
3411,3411,2,50,52.520670317723344,13.549193669407192,83
3412,3412,2,50,52.520670317723344,13.574269645793422,71
3413,3413,2,50,52.53875775238249,13.19813,304
3414,3414,2,50,52.53875775238249,13.223205976386229,243
3415,3415,2,50,52.53875775238249,13.248281952772455,91
3416,3416,2,50,52.53875775238249,13.273357929158683,77
3417,3417,2,50,52.53875775238249,13.298433905544911,78
3418,3418,2,50,52.53875775238249,13.32350988193114,186
3419,3419,2,50,52.53875775238249,13.348585858317367,347
3420,3420,2,50,52.53875775238249,13.373661834703595,380
3421,3421,2,50,52.53875775238249,13.398737811089823,377
3422,3422,2,50,52.53875775238249,13.423813787476051,438
3423,3423,2,50,52.53875775238249,13.44888976386228,305
3424,3424,2,50,52.53875775238249,13.47396574024851,208
3425,3425,2,50,52.53875775238249,13.499041716634736,124
3426,3426,2,50,52.53875775238249,13.524117693020964,121
3427,3427,2,50,52.53875775238249,13.549193669407192,113
3428,3428,2,50,52.53875775238249,13.574269645793422,91
3429,3429,2,50,52.55684518704163,13.19813,100
3430,3430,2,50,52.55684518704163,13.223205976386229,100
3431,3431,2,50,52.55684518704163,13.248281952772455,34
3432,3432,2,50,52.55684518704163,13.273357929158683,14
3433,3433,2,50,52.55684518704163,13.298433905544911,63
3434,3434,2,50,52.55684518704163,13.32350988193114,142
3435,3435,2,50,52.55684518704163,13.348585858317367,362
3436,3436,2,50,52.55684518704163,13.373661834703595,326
3437,3437,2,50,52.55684518704163,13.398737811089823,420
3438,3438,2,50,52.55684518704163,13.423813787476051,352
3439,3439,2,50,52.55684518704163,13.44888976386228,200
3440,3440,2,50,52.55684518704163,13.47396574024851,164
3441,3441,2,50,52.55684518704163,13.499041716634736,167
3442,3442,2,50,52.55684518704163,13.524117693020964,116
3443,3443,2,50,52.55684518704163,13.549193669407192,87
3444,3444,2,50,52.55684518704163,13.574269645793422,63
3445,3445,2,50,52.574932621700775,13.19813,23
3446,3446,2,50,52.574932621700775,13.223205976386229,23
3447,3447,2,50,52.574932621700775,13.248281952772455,11
3448,3448,2,50,52.574932621700775,13.273357929158683,132
3449,3449,2,50,52.574932621700775,13.298433905544911,178
3450,3450,2,50,52.574932621700775,13.32350988193114,150
3451,3451,2,50,52.574932621700775,13.348585858317367,148
3452,3452,2,50,52.574932621700775,13.373661834703595,188
3453,3453,2,50,52.574932621700775,13.398737811089823,234
3454,3454,2,50,52.574932621700775,13.423813787476051,213
3455,3455,2,50,52.574932621700775,13.44888976386228,42
3456,3456,2,50,52.574932621700775,13.47396574024851,60
3457,3457,2,50,52.574932621700775,13.499041716634736,104
3458,3458,2,50,52.574932621700775,13.524117693020964,91
3459,3459,2,50,52.574932621700775,13.549193669407192,29
3460,3460,2,50,52.574932621700775,13.574269645793422,22
3461,3461,2,50,52.59302005635992,13.19813,20
3462,3462,2,50,52.59302005635992,13.223205976386229,17
3463,3463,2,50,52.59302005635992,13.248281952772455,23
3464,3464,2,50,52.59302005635992,13.273357929158683,141
3465,3465,2,50,52.59302005635992,13.298433905544911,184
3466,3466,2,50,52.59302005635992,13.32350988193114,143
3467,3467,2,50,52.59302005635992,13.348585858317367,135
3468,3468,2,50,52.59302005635992,13.373661834703595,79
3469,3469,2,50,52.59302005635992,13.398737811089823,79
3470,3470,2,50,52.59302005635992,13.423813787476051,61
3471,3471,2,50,52.59302005635992,13.44888976386228,29
3472,3472,2,50,52.59302005635992,13.47396574024851,31
3473,3473,2,50,52.59302005635992,13.499041716634736,10
3474,3474,2,50,52.59302005635992,13.524117693020964,9
3475,3475,2,50,52.59302005635992,13.549193669407192,5
3476,3476,2,50,52.59302005635992,13.574269645793422,6
3477,3477,2,50,52.61110749101906,13.19813,28
3478,3478,2,50,52.61110749101906,13.223205976386229,38
3479,3479,2,50,52.61110749101906,13.248281952772455,10
3480,3480,2,50,52.61110749101906,13.273357929158683,15
3481,3481,2,50,52.61110749101906,13.298433905544911,82
3482,3482,2,50,52.61110749101906,13.32350988193114,127
3483,3483,2,50,52.61110749101906,13.348585858317367,103
3484,3484,2,50,52.61110749101906,13.373661834703595,31
3485,3485,2,50,52.61110749101906,13.398737811089823,17
3486,3486,2,50,52.61110749101906,13.423813787476051,23
3487,3487,2,50,52.61110749101906,13.44888976386228,28
3488,3488,2,50,52.61110749101906,13.47396574024851,29
3489,3489,2,50,52.61110749101906,13.499041716634736,38
3490,3490,2,50,52.61110749101906,13.524117693020964,6
3491,3491,2,50,52.61110749101906,13.549193669407192,6
3492,3492,2,50,52.61110749101906,13.574269645793422,2
3493,3493,2,50,52.629194925678206,13.19813,70
3494,3494,2,50,52.629194925678206,13.223205976386229,59
3495,3495,2,50,52.629194925678206,13.248281952772455,10
3496,3496,2,50,52.629194925678206,13.273357929158683,26
3497,3497,2,50,52.629194925678206,13.298433905544911,90
3498,3498,2,50,52.629194925678206,13.32350988193114,73
3499,3499,2,50,52.629194925678206,13.348585858317367,23
3500,3500,2,50,52.629194925678206,13.373661834703595,18
3501,3501,2,50,52.629194925678206,13.398737811089823,7
3502,3502,2,50,52.629194925678206,13.423813787476051,5
3503,3503,2,50,52.629194925678206,13.44888976386228,0
3504,3504,2,50,52.629194925678206,13.47396574024851,39
3505,3505,2,50,52.629194925678206,13.499041716634736,41
3506,3506,2,50,52.629194925678206,13.524117693020964,16
3507,3507,2,50,52.629194925678206,13.549193669407192,8
3508,3508,2,50,52.629194925678206,13.574269645793422,4
3739,3739,3,50,52.39405827510934,13.19813,55
3740,3740,3,50,52.39405827510934,13.235743964579342,111
3741,3741,3,50,52.39405827510934,13.273357929158683,92
3742,3742,3,50,52.39405827510934,13.310971893738024,44
3743,3743,3,50,52.39405827510934,13.348585858317366,55
3744,3744,3,50,52.39405827510934,13.386199822896709,149
3745,3745,3,50,52.39405827510934,13.423813787476048,146
3746,3746,3,50,52.39405827510934,13.461427752055387,34
3747,3747,3,50,52.39405827510934,13.49904171663473,112
3748,3748,3,50,52.39405827510934,13.536655681214071,98
3749,3749,3,50,52.39405827510934,13.574269645793413,63
3750,3750,3,50,52.42118942709805,13.19813,104
3751,3751,3,50,52.42118942709805,13.235743964579342,268
3752,3752,3,50,52.42118942709805,13.273357929158683,271
3753,3753,3,50,52.42118942709805,13.310971893738024,294
3754,3754,3,50,52.42118942709805,13.348585858317366,271
3755,3755,3,50,52.42118942709805,13.386199822896709,270
3756,3756,3,50,52.42118942709805,13.423813787476048,273
3757,3757,3,50,52.42118942709805,13.461427752055387,308
3758,3758,3,50,52.42118942709805,13.49904171663473,227
3759,3759,3,50,52.42118942709805,13.536655681214071,238
3760,3760,3,50,52.42118942709805,13.574269645793413,242
3761,3761,3,50,52.44832057908676,13.19813,74
3762,3762,3,50,52.44832057908676,13.235743964579342,200
3763,3763,3,50,52.44832057908676,13.273357929158683,341
3764,3764,3,50,52.44832057908676,13.310971893738024,637
3765,3765,3,50,52.44832057908676,13.348585858317366,701
3766,3766,3,50,52.44832057908676,13.386199822896709,374
3767,3767,3,50,52.44832057908676,13.423813787476048,496
3768,3768,3,50,52.44832057908676,13.461427752055387,381
3769,3769,3,50,52.44832057908676,13.49904171663473,289
3770,3770,3,50,52.44832057908676,13.536655681214071,362
3771,3771,3,50,52.44832057908676,13.574269645793413,292
3772,3772,3,50,52.475451731075474,13.19813,27
3773,3773,3,50,52.475451731075474,13.235743964579342,29
3774,3774,3,50,52.475451731075474,13.273357929158683,257
3775,3775,3,50,52.475451731075474,13.310971893738024,741
3776,3776,3,50,52.475451731075474,13.348585858317366,708
3777,3777,3,50,52.475451731075474,13.386199822896709,695
3778,3778,3,50,52.475451731075474,13.423813787476048,766
3779,3779,3,50,52.475451731075474,13.461427752055387,518
3780,3780,3,50,52.475451731075474,13.49904171663473,285
3781,3781,3,50,52.475451731075474,13.536655681214071,240
3782,3782,3,50,52.475451731075474,13.574269645793413,139
3783,3783,3,50,52.502582883064186,13.19813,144
3784,3784,3,50,52.502582883064186,13.235743964579342,124
3785,3785,3,50,52.502582883064186,13.273357929158683,498
3786,3786,3,50,52.502582883064186,13.310971893738024,782
3787,3787,3,50,52.502582883064186,13.348585858317366,772
3788,3788,3,50,52.502582883064186,13.386199822896709,826
3789,3789,3,50,52.502582883064186,13.423813787476048,987
3790,3790,3,50,52.502582883064186,13.461427752055387,797
3791,3791,3,50,52.502582883064186,13.49904171663473,431
3792,3792,3,50,52.502582883064186,13.536655681214071,223
3793,3793,3,50,52.502582883064186,13.574269645793413,121
3794,3794,3,50,52.5297140350529,13.19813,357
3795,3795,3,50,52.5297140350529,13.235743964579342,405
3796,3796,3,50,52.5297140350529,13.273357929158683,436
3797,3797,3,50,52.5297140350529,13.310971893738024,548
3798,3798,3,50,52.5297140350529,13.348585858317366,634
3799,3799,3,50,52.5297140350529,13.386199822896709,847
3800,3800,3,50,52.5297140350529,13.423813787476048,931
3801,3801,3,50,52.5297140350529,13.461427752055387,785
3802,3802,3,50,52.5297140350529,13.49904171663473,364
3803,3803,3,50,52.5297140350529,13.536655681214071,184
3804,3804,3,50,52.5297140350529,13.574269645793413,242
3805,3805,3,50,52.55684518704161,13.19813,268
3806,3806,3,50,52.55684518704161,13.235743964579342,191
3807,3807,3,50,52.55684518704161,13.273357929158683,134
3808,3808,3,50,52.55684518704161,13.310971893738024,258
3809,3809,3,50,52.55684518704161,13.348585858317366,497
3810,3810,3,50,52.55684518704161,13.386199822896709,835
3811,3811,3,50,52.55684518704161,13.423813787476048,777
3812,3812,3,50,52.55684518704161,13.461427752055387,381
3813,3813,3,50,52.55684518704161,13.49904171663473,275
3814,3814,3,50,52.55684518704161,13.536655681214071,225
3815,3815,3,50,52.55684518704161,13.574269645793413,176
3816,3816,3,50,52.58397633903032,13.19813,44
3817,3817,3,50,52.58397633903032,13.235743964579342,49
3818,3818,3,50,52.58397633903032,13.273357929158683,184
3819,3819,3,50,52.58397633903032,13.310971893738024,358
3820,3820,3,50,52.58397633903032,13.348585858317366,303
3821,3821,3,50,52.58397633903032,13.386199822896709,367
3822,3822,3,50,52.58397633903032,13.423813787476048,291
3823,3823,3,50,52.58397633903032,13.461427752055387,99
3824,3824,3,50,52.58397633903032,13.49904171663473,131
3825,3825,3,50,52.58397633903032,13.536655681214071,81
3826,3826,3,50,52.58397633903032,13.574269645793413,32
3827,3827,3,50,52.61110749101904,13.19813,72
3828,3828,3,50,52.61110749101904,13.235743964579342,46
3829,3829,3,50,52.61110749101904,13.273357929158683,182
3830,3830,3,50,52.61110749101904,13.310971893738024,229
3831,3831,3,50,52.61110749101904,13.348585858317366,195
3832,3832,3,50,52.61110749101904,13.386199822896709,91
3833,3833,3,50,52.61110749101904,13.423813787476048,49
3834,3834,3,50,52.61110749101904,13.461427752055387,68
3835,3835,3,50,52.61110749101904,13.49904171663473,53
3836,3836,3,50,52.61110749101904,13.536655681214071,14
3837,3837,3,50,52.61110749101904,13.574269645793413,4
3971,3971,4,50,52.39405827510934,13.19813,106
3972,3972,4,50,52.39405827510934,13.248281952772455,145
3973,3973,4,50,52.39405827510934,13.298433905544911,146
3974,3974,4,50,52.39405827510934,13.348585858317367,145
3975,3975,4,50,52.39405827510934,13.398737811089823,227
3976,3976,4,50,52.39405827510934,13.44888976386228,234
3977,3977,4,50,52.39405827510934,13.499041716634736,205
3978,3978,4,50,52.39405827510934,13.549193669407192,150
3979,3979,4,50,52.430233144427625,13.19813,153
3980,3980,4,50,52.430233144427625,13.248281952772455,423
3981,3981,4,50,52.430233144427625,13.298433905544911,717
3982,3982,4,50,52.430233144427625,13.348585858317367,799
3983,3983,4,50,52.430233144427625,13.398737811089823,626
3984,3984,4,50,52.430233144427625,13.44888976386228,518
3985,3985,4,50,52.430233144427625,13.499041716634736,540
3986,3986,4,50,52.430233144427625,13.549193669407192,530
3987,3987,4,50,52.46640801374591,13.19813,72
3988,3988,4,50,52.46640801374591,13.248281952772455,312
3989,3989,4,50,52.46640801374591,13.298433905544911,924
3990,3990,4,50,52.46640801374591,13.348585858317367,1216
3991,3991,4,50,52.46640801374591,13.398737811089823,1173
3992,3992,4,50,52.46640801374591,13.44888976386228,711
3993,3993,4,50,52.46640801374591,13.499041716634736,508
3994,3994,4,50,52.46640801374591,13.549193669407192,523
3995,3995,4,50,52.5025828830642,13.19813,270
3996,3996,4,50,52.5025828830642,13.248281952772455,519
3997,3997,4,50,52.5025828830642,13.298433905544911,1071
3998,3998,4,50,52.5025828830642,13.348585858317367,1550
3999,3999,4,50,52.5025828830642,13.398737811089823,1397
4000,4000,4,50,52.5025828830642,13.44888976386228,1303
4001,4001,4,50,52.5025828830642,13.499041716634736,727
4002,4002,4,50,52.5025828830642,13.549193669407192,320
4003,4003,4,50,52.53875775238249,13.19813,420
4004,4004,4,50,52.53875775238249,13.248281952772455,550
4005,4005,4,50,52.53875775238249,13.298433905544911,843
4006,4006,4,50,52.53875775238249,13.348585858317367,1020
4007,4007,4,50,52.53875775238249,13.398737811089823,1379
4008,4008,4,50,52.53875775238249,13.44888976386228,1139
4009,4009,4,50,52.53875775238249,13.499041716634736,694
4010,4010,4,50,52.53875775238249,13.549193669407192,375
4011,4011,4,50,52.574932621700775,13.19813,139
4012,4012,4,50,52.574932621700775,13.248281952772455,244
4013,4013,4,50,52.574932621700775,13.298433905544911,424
4014,4014,4,50,52.574932621700775,13.348585858317367,809
4015,4015,4,50,52.574932621700775,13.398737811089823,759
4016,4016,4,50,52.574932621700775,13.44888976386228,602
4017,4017,4,50,52.574932621700775,13.499041716634736,295
4018,4018,4,50,52.574932621700775,13.549193669407192,214
4019,4019,4,50,52.61110749101906,13.19813,104
4020,4020,4,50,52.61110749101906,13.248281952772455,242
4021,4021,4,50,52.61110749101906,13.298433905544911,403
4022,4022,4,50,52.61110749101906,13.348585858317367,291
4023,4023,4,50,52.61110749101906,13.398737811089823,177
4024,4024,4,50,52.61110749101906,13.44888976386228,82
4025,4025,4,50,52.61110749101906,13.499041716634736,87
4026,4026,4,50,52.61110749101906,13.549193669407192,25
4117,4117,5,50,52.39405827510934,13.19813,183
4118,4118,5,50,52.39405827510934,13.26081994096557,312
4119,4119,5,50,52.39405827510934,13.32350988193114,311
4120,4120,5,50,52.39405827510934,13.386199822896709,329
4121,4121,5,50,52.39405827510934,13.448889763862278,458
4122,4122,5,50,52.39405827510934,13.511579704827849,308
4123,4123,5,50,52.39405827510934,13.574269645793416,198
4124,4124,5,50,52.43927686175719,13.19813,278
4125,4125,5,50,52.43927686175719,13.26081994096557,777
4126,4126,5,50,52.43927686175719,13.32350988193114,1265
4127,4127,5,50,52.43927686175719,13.386199822896709,1224
4128,4128,5,50,52.43927686175719,13.448889763862278,1117
4129,4129,5,50,52.43927686175719,13.511579704827849,804
4130,4130,5,50,52.43927686175719,13.574269645793416,574
4131,4131,5,50,52.48449544840505,13.19813,188
4132,4132,5,50,52.48449544840505,13.26081994096557,930
4133,4133,5,50,52.48449544840505,13.32350988193114,1966
4134,4134,5,50,52.48449544840505,13.386199822896709,2082
4135,4135,5,50,52.48449544840505,13.448889763862278,1609
4136,4136,5,50,52.48449544840505,13.511579704827849,945
4137,4137,5,50,52.48449544840505,13.574269645793416,540
4138,4138,5,50,52.529714035052905,13.19813,513
4139,4139,5,50,52.529714035052905,13.26081994096557,1000
4140,4140,5,50,52.529714035052905,13.32350988193114,1647
4141,4141,5,50,52.529714035052905,13.386199822896709,2207
4142,4142,5,50,52.529714035052905,13.448889763862278,1760
4143,4143,5,50,52.529714035052905,13.511579704827849,1072
4144,4144,5,50,52.529714035052905,13.574269645793416,375
4145,4145,5,50,52.57493262170076,13.19813,326
4146,4146,5,50,52.57493262170076,13.26081994096557,463
4147,4147,5,50,52.57493262170076,13.32350988193114,929
4148,4148,5,50,52.57493262170076,13.386199822896709,1237
4149,4149,5,50,52.57493262170076,13.448889763862278,995
4150,4150,5,50,52.57493262170076,13.511579704827849,456
4151,4151,5,50,52.57493262170076,13.574269645793416,271
4152,4152,5,50,52.62015120834862,13.19813,104
4153,4153,5,50,52.62015120834862,13.26081994096557,389
4154,4154,5,50,52.62015120834862,13.32350988193114,450
4155,4155,5,50,52.62015120834862,13.386199822896709,285
4156,4156,5,50,52.62015120834862,13.448889763862278,126
4157,4157,5,50,52.62015120834862,13.511579704827849,89
4158,4158,5,50,52.62015120834862,13.574269645793416,28
